,Pandas Time (s),Pandopt Time (s),Checksum Pandas,Checksum Pandopt,Pandas Error,Pandopt Error,time reduction,performance multiplicator
"Size: 10^1, Func: simple_start, Test: apply - 0",0.0005321239877957851,0.00042683599167503417,11.939754486083984,"0    11.939754
dtype: float32",,,-0.19786365308747855,0.24667084822807195
"Size: 10^1, Func: simple_start, Test: apply - 1",0.0004130659799557179,0.00027813701308332384,11.939754486083984,"0    11.939754
dtype: float32",,,-0.32665233502613533,0.48511690471045754
"Size: 10^1, Func: simple_start, Test: apply - 2",0.00039536599069833755,0.0001677790132816881,11.939754486083984,"0    11.939754
dtype: float32",,,-0.575636202331569,1.3564686844030271
"Size: 10^1, Func: simple_start, Test: apply - 3",0.00038650500937364995,0.00012405900633893907,11.939754486083984,"0    11.939754
dtype: float32",,,-0.6790235486469304,2.1154933509437237
"Size: 10^1, Func: simple_start, Test: apply - 4",0.00029532701591961086,0.00013051799032837152,11.939754486083984,"0    11.939754
dtype: float32",,,-0.5580560419711178,1.2627303345431127
"Size: 10^1, Func: simple_start, Test: apply - 5",0.0004305850015953183,0.00015034800162538886,11.939754486083984,"0    11.939754
dtype: float32",,,-0.6508285215036538,1.863922346425166
"Size: 10^1, Func: simple_start, Test: apply - 6",0.0003469160001259297,0.00013402799959294498,11.939754486083984,"0    11.939754
dtype: float32",,,-0.6136586391394656,1.588384525468892
"Size: 10^1, Func: simple_start, Test: apply - 7",0.00030632701236754656,0.00016773800598457456,11.939754486083984,"0    11.939754
dtype: float32",,,-0.45242176101886156,0.8262230468848955
"Size: 10^1, Func: simple_start, Test: apply - 8",0.00041041598888114095,0.00023191800573840737,11.939754486083984,"0    11.939754
dtype: float32",,,-0.43491966194920273,0.7696598742922571
"Size: 10^1, Func: simple_start, Test: apply - 9",0.000464826007373631,0.00017450799350626767,11.939754486083984,"0    11.939754
dtype: float32",,,-0.6245735162447641,1.6636373385207492
"Size: 10^1, Func: simple_start, Test: apply - 10",0.0004039249906782061,0.00014987800386734307,11.939754486083984,"0    11.939754
dtype: float32",,,-0.6289459495544161,1.695025155497266
"Size: 10^1, Func: simple_start, Test: apply - 11",0.0004023959918413311,0.0001471579889766872,11.939754486083984,"0    11.939754
dtype: float32",,,-0.6342955895179168,1.734448837195504
"Size: 10^1, Func: simple_start, Test: apply - 12",0.00037835599505342543,0.00017088800086639822,11.939754486083984,"0    11.939754
dtype: float32",,,-0.5483407079560927,1.2140582904309798
"Size: 10^1, Func: simple_start, Test: apply - 13",0.00029790698317810893,0.00012517799041233957,11.939754486083984,"0    11.939754
dtype: float32",,,-0.5798084721716654,1.3798671171888568
"Size: 10^1, Func: simple_start, Test: apply - 14",0.0002820779918693006,0.00012339901877567172,11.939754486083984,"0    11.939754
dtype: float32",,,-0.5625358151555191,1.2859014169479979
"Size: 10^1, Func: harder_func, Test: apply - 0",0.00041284601320512593,0.0001291189983021468,-5.782174587249756,"0   -5.782175
dtype: float64",,,-0.6872465903213338,2.1974071874306182
"Size: 10^1, Func: harder_func, Test: apply - 1",0.00039179599843919277,0.00012387899914756417,-5.782174587249756,"0   -5.782175
dtype: float64",,,-0.6838175998706879,2.1627313841346663
"Size: 10^1, Func: harder_func, Test: apply - 2",0.00039812500472180545,0.00012263801181688905,-5.782174587249756,"0   -5.782175
dtype: float64",,,-0.691961041475946,2.24634262104841
"Size: 10^1, Func: harder_func, Test: apply - 3",0.0003909560036845505,0.00011930899927392602,-5.782174587249756,"0   -5.782175
dtype: float64",,,-0.6948275556597092,2.276835830186958
"Size: 10^1, Func: harder_func, Test: apply - 4",0.0003873759997077286,0.00011878900113515556,-5.782174587249756,"0   -5.782175
dtype: float64",,,-0.6933496106501675,2.2610426555147187
"Size: 10^1, Func: harder_func, Test: apply - 5",0.000398874981328845,0.00012028901255689561,-5.782174587249756,"0   -5.782175
dtype: float64",,,-0.6984292869004848,2.315971865179131
"Size: 10^1, Func: harder_func, Test: apply - 6",0.0003868060011882335,0.00011779801570810378,-5.782174587249756,"0   -5.782175
dtype: float64",,,-0.6954596998334079,2.2836376645487384
"Size: 10^1, Func: harder_func, Test: apply - 7",0.00038656601100228727,0.00011843899847008288,-5.782174587249756,"0   -5.782175
dtype: float64",,,-0.6936124876499241,2.2638405930115324
"Size: 10^1, Func: harder_func, Test: apply - 8",0.00038670600042678416,0.00011956901289522648,-5.782174587249756,"0   -5.782175
dtype: float64",,,-0.6908012475543039,2.234165701155692
"Size: 10^1, Func: harder_func, Test: apply - 9",0.0003889259824063629,0.0001012090069707483,-5.782174587249756,"0   -5.782175
dtype: float64",,,-0.7397730890989902,2.8428001029470757
"Size: 10^1, Func: harder_func, Test: apply - 10",0.00029964701388962567,9.007900371216238e-05,-5.782174587249756,"0   -5.782175
dtype: float64",,,-0.699382942139571,2.326491208174493
"Size: 10^1, Func: harder_func, Test: apply - 11",0.0003791159833781421,0.00012033898383378983,-5.782174587249756,"0   -5.782175
dtype: float64",,,-0.6825800306241376,2.1504004047580354
"Size: 10^1, Func: harder_func, Test: apply - 12",0.0003908259968739003,0.00012197901378385723,-5.782174587249756,"0   -5.782175
dtype: float64",,,-0.6878943193146548,2.204042931240869
"Size: 10^1, Func: harder_func, Test: apply - 13",0.00039019499672576785,0.00012078799773007631,-5.782174587249756,"0   -5.782175
dtype: float64",,,-0.6904419617277484,2.230411995053785
"Size: 10^1, Func: harder_func, Test: apply - 14",0.00038656601100228727,0.00012101902393624187,-5.782174587249756,"0   -5.782175
dtype: float64",,,-0.6869382705880838,2.1942582118820195
"Size: 10^1, Func: harder2_func, Test: apply - 0",0.0004179459938313812,0.00010642901179380715,-0.15662908554077148,"0   -0.15663
dtype: float64",,,-0.7453522384120626,2.9269930894510146
"Size: 10^1, Func: harder2_func, Test: apply - 1",0.00040829498902894557,0.00010245898738503456,-0.15662908554077148,"0   -0.15663
dtype: float64",,,-0.7490564661870713,2.9849602211526665
"Size: 10^1, Func: harder2_func, Test: apply - 2",0.00040563600487075746,0.00010173901682719588,-0.15662908554077148,"0   -0.15663
dtype: float64",,,-0.7491864242682016,2.987025012829953
"Size: 10^1, Func: harder2_func, Test: apply - 3",0.00040207599522545934,0.00010137900244444609,-0.15662908554077148,"0   -0.15663
dtype: float64",,,-0.747861091812758,2.966067780611571
"Size: 10^1, Func: harder2_func, Test: apply - 4",0.0004147860163357109,9.958900045603514e-05,-0.15662908554077148,"0   -0.15663
dtype: float64",,,-0.7599027051687494,3.164978204785011
"Size: 10^1, Func: harder2_func, Test: apply - 5",0.0003978160093538463,9.821899584494531e-05,-0.15662908554077148,"0   -0.15663
dtype: float64",,,-0.753104466548549,3.0502960341995724
"Size: 10^1, Func: harder2_func, Test: apply - 6",0.00040498501039110124,9.858899284154177e-05,-0.15662908554077148,"0   -0.15663
dtype: float64",,,-0.7565613780462328,3.107811619924121
"Size: 10^1, Func: harder2_func, Test: apply - 7",0.00039984501199796796,9.885901818051934e-05,-0.15662908554077148,"0   -0.15663
dtype: float64",,,-0.7527566551686238,3.044598250691098
"Size: 10^1, Func: harder2_func, Test: apply - 8",0.00040225600241683424,9.93089925032109e-05,-0.15662908554077148,"0   -0.15663
dtype: float64",,,-0.7531199238630557,3.0505496257433915
"Size: 10^1, Func: harder2_func, Test: apply - 9",0.0003115969884674996,7.718900451436639e-05,-0.15662908554077148,"0   -0.15663
dtype: float64",,,-0.7522793628590624,3.036805376982227
"Size: 10^1, Func: harder2_func, Test: apply - 10",0.0003589459811337292,9.723898256197572e-05,-0.15662908554077148,"0   -0.15663
dtype: float64",,,-0.7290985616976492,2.6913794414185004
"Size: 10^1, Func: harder2_func, Test: apply - 11",0.0003931059909518808,9.741898975335062e-05,-0.15662908554077148,"0   -0.15663
dtype: float64",,,-0.75218136585134,3.035209069065104
"Size: 10^1, Func: harder2_func, Test: apply - 12",0.00039557600393891335,9.859900455921888e-05,-0.15662908554077148,"0   -0.15663
dtype: float64",,,-0.7507457389289847,3.011967521450271
"Size: 10^1, Func: harder2_func, Test: apply - 13",0.00039998500142246485,0.00010008897515945137,-0.15662908554077148,"0   -0.15663
dtype: float64",,,-0.7497681792979602,2.996294304994634
"Size: 10^1, Func: harder2_func, Test: apply - 14",0.0004012360004708171,9.83589852694422e-05,-0.15662908554077148,"0   -0.15663
dtype: float64",,,-0.7548600196542032,3.0793019506218062
"Size: 10^1, Func: harder3_func, Test: apply - 0",0.00047072500456124544,0.00011588900815695524,10.492922359464757,"0    10.492922
dtype: float64",,,-0.7538074097742622,3.0618606720985575
"Size: 10^1, Func: harder3_func, Test: apply - 1",0.00029591700877062976,9.418901754543185e-05,10.492922359464757,"0    10.492922
dtype: float64",,,-0.681704617329248,2.1417358040484378
"Size: 10^1, Func: harder3_func, Test: apply - 2",0.00028753699734807014,9.116897126659751e-05,10.492922359464757,"0    10.492922
dtype: float64",,,-0.6829313371585523,2.1538909933210793
"Size: 10^1, Func: harder3_func, Test: apply - 3",0.00028620701050385833,9.035898256115615e-05,10.492922359464757,"0    10.492922
dtype: float64",,,-0.6842880179556676,2.167443926342903
"Size: 10^1, Func: harder3_func, Test: apply - 4",0.0002834670012816787,8.912899647839367e-05,10.492922359464757,"0    10.492922
dtype: float64",,,-0.6855754071006418,2.180412800343777
"Size: 10^1, Func: harder3_func, Test: apply - 5",0.0002813470200635493,8.985900785773993e-05,10.492922359464757,"0    10.492922
dtype: float64",,,-0.6806114817301316,2.130982933942061
"Size: 10^1, Func: harder3_func, Test: apply - 6",0.0002954170049633831,9.042900637723505e-05,10.492922359464757,"0    10.492922
dtype: float64",,,-0.6938936998956993,2.266839002200432
"Size: 10^1, Func: harder3_func, Test: apply - 7",0.0002863870176952332,8.970900671556592e-05,10.492922359464757,"0    10.492922
dtype: float64",,,-0.6867560288258867,2.1923998289632225
"Size: 10^1, Func: harder3_func, Test: apply - 8",0.000286926981061697,8.835899643599987e-05,10.492922359464757,"0    10.492922
dtype: float64",,,-0.6920505833607878,2.2472865541147673
"Size: 10^1, Func: harder3_func, Test: apply - 9",0.0002824669936671853,8.716899901628494e-05,10.492922359464757,"0    10.492922
dtype: float64",,,-0.6914011159867011,2.240452418346742
"Size: 10^1, Func: harder3_func, Test: apply - 10",0.00028597700293175876,8.792898734100163e-05,10.492922359464757,"0    10.492922
dtype: float64",,,-0.692531264963345,2.252363203305158
"Size: 10^1, Func: harder3_func, Test: apply - 11",0.0002844170085154474,8.787997649051249e-05,10.492922359464757,"0    10.492922
dtype: float64",,,-0.6910171548839017,2.236425632705455
"Size: 10^1, Func: harder3_func, Test: apply - 12",0.0002851870085578412,8.86390043888241e-05,10.492922359464757,"0    10.492922
dtype: float64",,,-0.6891898938978265,2.2173985992310907
"Size: 10^1, Func: harder3_func, Test: apply - 13",0.00029042697860859334,8.781900396570563e-05,10.492922359464757,"0    10.492922
dtype: float64",,,-0.6976210530218725,2.307108547052168
"Size: 10^1, Func: harder3_func, Test: apply - 14",0.0002847969881258905,8.897899533621967e-05,10.492922359464757,"0    10.492922
dtype: float64",,,-0.6875704482630001,2.20072155287599
"Size: 10^2, Func: simple_start, Test: apply - 0",0.0010893879807554185,0.0001133390178438276,996.3328247070312,"0    996.332825
dtype: float32",,,-0.895960833196237,8.611764787449552
"Size: 10^2, Func: simple_start, Test: apply - 1",0.0010677289974410087,9.67090018093586e-05,996.3328247070312,"0    996.332825
dtype: float32",,,-0.909425517110486,10.04063714302223
"Size: 10^2, Func: simple_start, Test: apply - 2",0.0010667690075933933,0.00011371899745427072,996.3328247070312,"0    996.332825
dtype: float32",,,-0.8933986677108119,8.380745798628483
"Size: 10^2, Func: simple_start, Test: apply - 3",0.001060278998920694,9.521900210529566e-05,996.3328247070312,"0    996.332825
dtype: float32",,,-0.9101943901537016,10.13516184246722
"Size: 10^2, Func: simple_start, Test: apply - 4",0.00104607900721021,9.296901407651603e-05,996.3328247070312,"0    996.332825
dtype: float32",,,-0.9111262022890075,10.251910301525392
"Size: 10^2, Func: simple_start, Test: apply - 5",0.0010588990116957575,0.00010718900011852384,996.3328247070312,"0    996.332825
dtype: float32",,,-0.8987731606748148,8.878802960423961
"Size: 10^2, Func: simple_start, Test: apply - 6",0.0010553680185694247,0.00010633899364620447,996.3328247070312,"0    996.332825
dtype: float32",,,-0.8992398937857248,8.924562781557729
"Size: 10^2, Func: simple_start, Test: apply - 7",0.0010572290048003197,0.00011449898011051118,996.3328247070312,"0    996.332825
dtype: float32",,,-0.8916989795109369,8.233523336014976
"Size: 10^2, Func: simple_start, Test: apply - 8",0.0010750090004876256,9.87989769782871e-05,996.3328247070312,"0    996.332825
dtype: float32",,,-0.908094744384957,9.880770564293178
"Size: 10^2, Func: simple_start, Test: apply - 9",0.0010689389891922474,9.376899106428027e-05,996.3328247070312,"0    996.332825
dtype: float32",,,-0.9122784443150141,10.399706630729034
"Size: 10^2, Func: simple_start, Test: apply - 10",0.0010586989810690284,0.00011359900236129761,996.3328247070312,"0    996.332825
dtype: float32",,,-0.892699431667923,8.319615129205745
"Size: 10^2, Func: simple_start, Test: apply - 11",0.0010487890103831887,0.0001058790076058358,996.3328247070312,"0    996.332825
dtype: float32",,,-0.8990464177659989,8.905542506476818
"Size: 10^2, Func: simple_start, Test: apply - 12",0.0010503889934625477,0.00010627898154780269,996.3328247070312,"0    996.332825
dtype: float32",,,-0.8988194067062145,8.883318208032494
"Size: 10^2, Func: simple_start, Test: apply - 13",0.0010487590043339878,0.00010271900100633502,996.3328247070312,"0    996.332825
dtype: float32",,,-0.9020566206517898,9.20998056892422
"Size: 10^2, Func: simple_start, Test: apply - 14",0.0010530489962548018,0.00010702898725867271,996.3328247070312,"0    996.332825
dtype: float32",,,-0.8983627659877894,8.838913954307941
"Size: 10^2, Func: harder_func, Test: apply - 0",0.0011237469734624028,0.0002878270170185715,1135.12158203125,"0    1135.121615
dtype: float64",,,-0.7438684830164739,2.904244240525535
"Size: 10^2, Func: harder_func, Test: apply - 1",0.0011368580162525177,0.0002827469725161791,1135.12158203125,"0    1135.121615
dtype: float64",,,-0.7512908661644379,3.0207610576182757
"Size: 10^2, Func: harder_func, Test: apply - 2",0.001117748994147405,0.0002826470008585602,1135.12158203125,"0    1135.121615
dtype: float64",,,-0.7471283782508279,2.954575816308553
"Size: 10^2, Func: harder_func, Test: apply - 3",0.001113928999984637,0.00028073700377717614,1135.12158203125,"0    1135.121615
dtype: float64",,,-0.7479758550311124,2.967873792899684
"Size: 10^2, Func: harder_func, Test: apply - 4",0.0011238279985263944,0.00027970701921731234,1135.12158203125,"0    1135.121615
dtype: float64",,,-0.7511122524229021,3.017875567338767
"Size: 10^2, Func: harder_func, Test: apply - 5",0.0011232880060561001,0.00028115700115449727,1135.12158203125,"0    1135.121615
dtype: float64",,,-0.7497017687016454,2.995233984726019
"Size: 10^2, Func: harder_func, Test: apply - 6",0.0011403969838283956,0.00028417701832950115,1135.12158203125,"0    1135.121615
dtype: float64",,,-0.7508086899918849,3.0129810303875937
"Size: 10^2, Func: harder_func, Test: apply - 7",0.0011252679978497326,0.0002816070045810193,1135.12158203125,"0    1135.121615
dtype: float64",,,-0.7497422790667287,2.9958807115750887
"Size: 10^2, Func: harder_func, Test: apply - 8",0.00113280801451765,0.0002829169970937073,1135.12158203125,"0    1135.121615
dtype: float64",,,-0.7502515929725537,3.0040295427794437
"Size: 10^2, Func: harder_func, Test: apply - 9",0.0011365980026312172,0.0002809870056807995,1135.12158203125,"0    1135.121615
dtype: float64",,,-0.7527824217266648,3.045019803949189
"Size: 10^2, Func: harder_func, Test: apply - 10",0.0011284580104984343,0.0002820270019583404,1135.12158203125,"0    1135.121615
dtype: float64",,,-0.7500775400284762,3.001241025372189
"Size: 10^2, Func: harder_func, Test: apply - 11",0.0011362980003468692,0.0002818870125338435,1135.12158203125,"0    1135.121615
dtype: float64",,,-0.7519251002397311,3.031040629125986
"Size: 10^2, Func: harder_func, Test: apply - 12",0.0011343979858793318,0.0002811170124914497,1135.12158203125,"0    1135.121615
dtype: float64",,,-0.7521883712852848,3.0353231411558026
"Size: 10^2, Func: harder_func, Test: apply - 13",0.0011270680115558207,0.00028000702150166035,1135.12158203125,"0    1135.121615
dtype: float64",,,-0.7515615573942741,3.025141960767357
"Size: 10^2, Func: harder_func, Test: apply - 14",0.0011316589952912182,0.0002810870064422488,1135.12158203125,"0    1135.121615
dtype: float64",,,-0.7516150999445601,3.026009631732035
"Size: 10^2, Func: harder2_func, Test: apply - 0",0.0012297570065129548,0.00018879797426052392,1956.139892578125,"0    1956.139835
dtype: float64",,,-0.8464753823229915,5.513613354855189
"Size: 10^2, Func: harder2_func, Test: apply - 1",0.0012503069883678108,0.0001844280050136149,1956.139892578125,"0    1956.139835
dtype: float64",,,-0.8524938221337363,5.779377070610889
"Size: 10^2, Func: harder2_func, Test: apply - 2",0.001240267010871321,0.00018387899035587907,1956.139892578125,"0    1956.139835
dtype: float64",,,-0.8517424161538416,5.745017516524919
"Size: 10^2, Func: harder2_func, Test: apply - 3",0.0012237070186529309,0.0001826779916882515,1956.139892578125,"0    1956.139835
dtype: float64",,,-0.8507175419412522,5.6987107058919495
"Size: 10^2, Func: harder2_func, Test: apply - 4",0.0021480070136021823,0.0003317369846627116,1956.139892578125,"0    1956.139835
dtype: float64",,,-0.8455605672784128,5.475030258643409
"Size: 10^2, Func: harder2_func, Test: apply - 5",0.0018679399800021201,0.00018278899369761348,1956.139892578125,"0    1956.139835
dtype: float64",,,-0.9021440754764476,9.219105331321206
"Size: 10^2, Func: harder2_func, Test: apply - 6",0.0012508270156104118,0.00018700800137594342,1956.139892578125,"0    1956.139835
dtype: float64",,,-0.8504925149184739,5.688628328238566
"Size: 10^2, Func: harder2_func, Test: apply - 7",0.0012524169869720936,0.0001854579895734787,1956.139892578125,"0    1956.139835
dtype: float64",,,-0.8519199344126981,5.753103437886047
"Size: 10^2, Func: harder2_func, Test: apply - 8",0.0012465569889172912,0.00018546800129115582,1956.139892578125,"0    1956.139835
dtype: float64",,,-0.8512157864100174,5.721143163452715
"Size: 10^2, Func: harder2_func, Test: apply - 9",0.0012514159898273647,0.00019051798153668642,1956.139892578125,"0    1956.139835
dtype: float64",,,-0.8477580731863841,5.568492799124004
"Size: 10^2, Func: harder2_func, Test: apply - 10",0.0012642469955608249,0.00018734799232333899,1956.139892578125,"0    1956.139835
dtype: float64",,,-0.8518106090177175,5.748121396352592
"Size: 10^2, Func: harder2_func, Test: apply - 11",0.0012512770190369338,0.00018840801203623414,1956.139892578125,"0    1956.139835
dtype: float64",,,-0.8494274176143302,5.6413153321541945
"Size: 10^2, Func: harder2_func, Test: apply - 12",0.0012626969837583601,0.000187497993465513,1956.139892578125,"0    1956.139835
dtype: float64",,,-0.8515099062742403,5.734455982274879
"Size: 10^2, Func: harder2_func, Test: apply - 13",0.0012531069805845618,0.00018433801596984267,1956.139892578125,"0    1956.139835
dtype: float64",,,-0.8528952285591365,5.797876032199281
"Size: 10^2, Func: harder2_func, Test: apply - 14",0.0012591569975484163,0.00018715800251811743,1956.139892578125,"0    1956.139835
dtype: float64",,,-0.851362456879869,5.7277753588256335
"Size: 10^2, Func: harder3_func, Test: apply - 0",0.0015383140125777572,0.00036052599898539484,-247.75919304831743,"0   -247.759193
dtype: float64",,,-0.7656356270321816,3.2668601346558512
"Size: 10^2, Func: harder3_func, Test: apply - 1",0.0014955740189179778,0.00033734700991772115,-247.75919304831743,"0   -247.759193
dtype: float64",,,-0.7744364333356193,3.4333400769811115
"Size: 10^2, Func: harder3_func, Test: apply - 2",0.001469834998715669,0.0003379170084372163,-247.75919304831743,"0   -247.759193
dtype: float64",,,-0.7700986786050913,3.349692267676307
"Size: 10^2, Func: harder3_func, Test: apply - 3",0.001484294974943623,0.00033760699443519115,-247.75919304831743,"0   -247.759193
dtype: float64",,,-0.7725472361394916,3.396517250558789
"Size: 10^2, Func: harder3_func, Test: apply - 4",0.0014760940102860332,0.0003360870177857578,-247.75919304831743,"0   -247.759193
dtype: float64",,,-0.7723132703989282,3.3919994887365297
"Size: 10^2, Func: harder3_func, Test: apply - 5",0.0014782639918848872,0.00033705600071698427,-247.75919304831743,"0   -247.759193
dtype: float64",,,-0.7719920105155136,3.385811226444061
"Size: 10^2, Func: harder3_func, Test: apply - 6",0.0014722439809702337,0.00033579699811525643,-247.75919304831743,"0   -247.759193
dtype: float64",,,-0.7719148439690271,3.384327403858779
"Size: 10^2, Func: harder3_func, Test: apply - 7",0.0014892450126353651,0.0003345870063640177,-247.75919304831743,"0   -247.759193
dtype: float64",,,-0.7753311217930936,3.45099476162898
"Size: 10^2, Func: harder3_func, Test: apply - 8",0.0014701649779453874,0.00033349700970575213,-247.75919304831743,"0   -247.759193
dtype: float64",,,-0.7731567445091589,3.4083303152928695
"Size: 10^2, Func: harder3_func, Test: apply - 9",0.0014833750028628856,0.00033159699523821473,-247.75919304831743,"0   -247.759193
dtype: float64",,,-0.7764577435926594,3.4734271545411604
"Size: 10^2, Func: harder3_func, Test: apply - 10",0.001469614013331011,0.0003310960019007325,-247.75919304831743,"0   -247.759193
dtype: float64",,,-0.7747054676280107,3.438634126943106
"Size: 10^2, Func: harder3_func, Test: apply - 11",0.0014805550163146108,0.0003288369916845113,-247.75919304831743,"0   -247.759193
dtype: float64",,,-0.7778961348541775,3.5023980079925634
"Size: 10^2, Func: harder3_func, Test: apply - 12",0.0014736650045961142,0.0003289070155005902,-247.75919304831743,"0   -247.759193
dtype: float64",,,-0.7768101878820598,3.480491248729445
"Size: 10^2, Func: harder3_func, Test: apply - 13",0.001487635017838329,0.00032735601416788995,-247.75919304831743,"0   -247.759193
dtype: float64",,,-0.7799487036520769,3.5443949506159704
"Size: 10^2, Func: harder3_func, Test: apply - 14",0.0014795239840168506,0.0003296160139143467,-247.75919304831743,"0   -247.759193
dtype: float64",,,-0.7772148221487752,3.488628954785299
"Size: 10^3, Func: simple_start, Test: apply - 0",0.009656658017775044,0.0001424080110155046,-403.109375,"0   -403.109375
dtype: float32",,,-0.985252867943198,66.80979489084838
"Size: 10^3, Func: simple_start, Test: apply - 1",0.009639850002713501,0.00011608799104578793,-403.109375,"0   -403.109375
dtype: float32",,,-0.9879574898973417,82.03916637605788
"Size: 10^3, Func: simple_start, Test: apply - 2",0.009683878015493974,0.00011301902122795582,-403.109375,"0   -403.109375
dtype: float32",,,-0.9883291568680308,84.68361245990528
"Size: 10^3, Func: simple_start, Test: apply - 3",0.009552390984026715,0.00010739901335909963,-403.109375,"0   -403.109375
dtype: float32",,,-0.9887568449052504,87.94300501706952
"Size: 10^3, Func: simple_start, Test: apply - 4",0.009613860020181164,0.00010619900422170758,-403.109375,"0   -403.109375
dtype: float32",,,-0.9889535520593417,89.52683771036759
"Size: 10^3, Func: simple_start, Test: apply - 5",0.009771698008989915,0.0002380079822614789,-403.109375,"0   -403.109375
dtype: float32",,,-0.9756431295725152,40.05617768001827
"Size: 10^3, Func: simple_start, Test: apply - 6",0.009631638997234404,0.0001084789982996881,-403.109375,"0   -403.109375
dtype: float32",,,-0.98873722340187,87.78805250971881
"Size: 10^3, Func: simple_start, Test: apply - 7",0.009613369009457529,0.00010763900354504585,-403.109375,"0   -403.109375
dtype: float32",,,-0.9888031965235963,88.31120405099652
"Size: 10^3, Func: simple_start, Test: apply - 8",0.009662088996265084,0.00010828900849446654,-403.109375,"0   -403.109375
dtype: float32",,,-0.9887923813849856,88.22502043925175
"Size: 10^3, Func: simple_start, Test: apply - 9",0.009579650009982288,0.00010589801240712404,-403.109375,"0   -403.109375
dtype: float32",,,-0.9889455238660311,89.46109357702959
"Size: 10^3, Func: simple_start, Test: apply - 10",0.009599858982255682,0.00010466898675076663,-403.109375,"0   -403.109375
dtype: float32",,,-0.9890968203861915,90.7163648972208
"Size: 10^3, Func: simple_start, Test: apply - 11",0.009558729972923175,0.00010579900117591023,-403.109375,"0   -403.109375
dtype: float32",,,-0.9889316884695346,89.34801715216605
"Size: 10^3, Func: simple_start, Test: apply - 12",0.009659518982516602,0.00010554899927228689,-403.109375,"0   -403.109375
dtype: float32",,,-0.9890730584552577,90.5169167790757
"Size: 10^3, Func: simple_start, Test: apply - 13",0.010883715993259102,0.00011385898687876761,-403.109375,"0   -403.109375
dtype: float32",,,-0.989538592614022,94.58943296103308
"Size: 10^3, Func: simple_start, Test: apply - 14",0.010585059993900359,0.0001117289939429611,-403.109375,"0   -403.109375
dtype: float32",,,-0.9894446518009964,93.73870318123647
"Size: 10^3, Func: harder_func, Test: apply - 0",0.012090573989553377,0.0024947639903984964,2257.73095703125,"0    2257.730868
dtype: float64",,,-0.7936604174000301,3.8463798724392007
"Size: 10^3, Func: harder_func, Test: apply - 1",0.011226113012526184,0.0033256640017498285,2257.73095703125,"0    2257.730868
dtype: float64",,,-0.7037564116770403,2.375600483578456
"Size: 10^3, Func: harder_func, Test: apply - 2",0.011161583999637514,0.0024480450083501637,2257.73095703125,"0    2257.730868
dtype: float64",,,-0.7806722586660042,3.5593867602784623
"Size: 10^3, Func: harder_func, Test: apply - 3",0.011995305016171187,0.0024380050017498434,2257.73095703125,"0    2257.730868
dtype: float64",,,-0.7967533965611459,3.9201314220281454
"Size: 10^3, Func: harder_func, Test: apply - 4",0.01192354501108639,0.0024895230017136782,2257.73095703125,"0    2257.730868
dtype: float64",,,-0.7912094935357777,3.789489794984318
"Size: 10^3, Func: harder_func, Test: apply - 5",0.011059064010623842,0.00333115499233827,2257.73095703125,"0    2257.730868
dtype: float64",,,-0.6987850880383539,2.3198887581214125
"Size: 10^3, Func: harder_func, Test: apply - 6",0.011089414008893073,0.002441524004098028,2257.73095703125,"0    2257.730868
dtype: float64",,,-0.7798329107254841,3.5420049077051097
"Size: 10^3, Func: harder_func, Test: apply - 7",0.011952275002840906,0.002447674982249737,2257.73095703125,"0    2257.730868
dtype: float64",,,-0.7952126284186103,3.883113603528842
"Size: 10^3, Func: harder_func, Test: apply - 8",0.011120113980723545,0.0032281859894283116,2257.73095703125,"0    2257.730868
dtype: float64",,,-0.7096984801572812,2.4446943320923205
"Size: 10^3, Func: harder_func, Test: apply - 9",0.011075215006712824,0.002730220992816612,2257.73095703125,"0    2257.730868
dtype: float64",,,-0.7534837029202781,3.0565269389739624
"Size: 10^3, Func: harder_func, Test: apply - 10",0.011484640010166913,0.0024792540061753243,2257.73095703125,"0    2257.730868
dtype: float64",,,-0.7841243605388993,3.632296643087388
"Size: 10^3, Func: harder_func, Test: apply - 11",0.012001255003269762,0.0024579949968028814,2257.73095703125,"0    2257.730868
dtype: float64",,,-0.7951885035245734,3.882538418052037
"Size: 10^3, Func: harder_func, Test: apply - 12",0.010989593982230872,0.0032826060196384788,2257.73095703125,"0    2257.730868
dtype: float64",,,-0.7012986990287229,2.3478260615147417
"Size: 10^3, Func: harder_func, Test: apply - 13",0.010189524007728323,0.002467865007929504,2257.73095703125,"0    2257.730868
dtype: float64",,,-0.7578037005401104,3.128882242338351
"Size: 10^3, Func: harder_func, Test: apply - 14",0.0101553040149156,0.0024633150023873895,2257.73095703125,"0    2257.730868
dtype: float64",,,-0.7574356219400822,3.1226168821581117
"Size: 10^3, Func: harder2_func, Test: apply - 0",0.0113308820000384,0.0014662150060757995,8521.23046875,"0    8521.230578
dtype: float64",,,-0.8706000992622789,6.727981198585976
"Size: 10^3, Func: harder2_func, Test: apply - 1",0.011785884998971596,0.00143853499321267,8521.23046875,"0    8521.230578
dtype: float64",,,-0.8779442533727257,7.192977615824459
"Size: 10^3, Func: harder2_func, Test: apply - 2",0.011497870000312105,0.0014530150219798088,8521.23046875,"0    8521.230578
dtype: float64",,,-0.8736274612654025,6.913111582732061
"Size: 10^3, Func: harder2_func, Test: apply - 3",0.011519319989020005,0.0014541349955834448,8521.23046875,"0    8521.230578
dtype: float64",,,-0.8737655523963656,6.921767940395445
"Size: 10^3, Func: harder2_func, Test: apply - 4",0.011496099992655218,0.0014606949989683926,8521.23046875,"0    8521.230578
dtype: float64",,,-0.8729399535580222,6.870294620556839
"Size: 10^3, Func: harder2_func, Test: apply - 5",0.011680167983286083,0.0014819039788562804,8521.23046875,"0    8521.230578
dtype: float64",,,-0.8731264840559798,6.881865593141012
"Size: 10^3, Func: harder2_func, Test: apply - 6",0.011629998014541343,0.0014846039994154125,8521.23046875,"0    8521.230578
dtype: float64",,,-0.8723470117914752,6.833737494389647
"Size: 10^3, Func: harder2_func, Test: apply - 7",0.011582648992771283,0.0014738650061190128,8521.23046875,"0    8521.230578
dtype: float64",,,-0.8727523378254102,6.858690548105732
"Size: 10^3, Func: harder2_func, Test: apply - 8",0.01156876899767667,0.001479935017414391,8521.23046875,"0    8521.230578
dtype: float64",,,-0.8720749789617545,6.817079034921804
"Size: 10^3, Func: harder2_func, Test: apply - 9",0.011504130001412705,0.0014883650001138449,8521.23046875,"0    8521.230578
dtype: float64",,,-0.8706234195953041,6.7293741794067685
"Size: 10^3, Func: harder2_func, Test: apply - 10",0.011519910010974854,0.0014745750231668353,8521.23046875,"0    8521.230578
dtype: float64",,,-0.8719976960096018,6.812359378117228
"Size: 10^3, Func: harder2_func, Test: apply - 11",0.01152716000797227,0.0014463650004472584,8521.23046875,"0    8521.230578
dtype: float64",,,-0.8745254685935702,6.969744846154142
"Size: 10^3, Func: harder2_func, Test: apply - 12",0.011551519011845812,0.001486613997258246,8521.23046875,"0    8521.230578
dtype: float64",,,-0.8713057567810988,6.770355339819358
"Size: 10^3, Func: harder2_func, Test: apply - 13",0.011536438978509977,0.0014781640202272683,8521.23046875,"0    8521.230578
dtype: float64",,,-0.8718699918596384,6.804572984218791
"Size: 10^3, Func: harder2_func, Test: apply - 14",0.011468640004750341,0.001473995012929663,8521.23046875,"0    8521.230578
dtype: float64",,,-0.8714760414208546,6.780650479919641
"Size: 10^3, Func: harder3_func, Test: apply - 0",0.013507399009540677,0.002814249019138515,584.3123435149404,"0    584.312344
dtype: float64",,,-0.7916513003613259,3.7996459864363743
"Size: 10^3, Func: harder3_func, Test: apply - 1",0.013349890999961644,0.0027892309881281108,584.3123435149404,"0    584.312344
dtype: float64",,,-0.7910671339461779,3.786226403185392
"Size: 10^3, Func: harder3_func, Test: apply - 2",0.013310140988323838,0.0027991210226900876,584.3123435149404,"0    584.312344
dtype: float64",,,-0.7897001222492246,3.7551145093155576
"Size: 10^3, Func: harder3_func, Test: apply - 3",0.013446669006953016,0.0027941599837504327,584.3123435149404,"0    584.312344
dtype: float64",,,-0.7922043011317059,3.812419147490747
"Size: 10^3, Func: harder3_func, Test: apply - 4",0.013271691015688702,0.0027841310075018555,584.3123435149404,"0    584.312344
dtype: float64",,,-0.7902203265423611,3.7669060758736075
"Size: 10^3, Func: harder3_func, Test: apply - 5",0.013341620011487976,0.0027966299967374653,584.3123435149404,"0    584.312344
dtype: float64",,,-0.7903830273737829,3.7706060605272214
"Size: 10^3, Func: harder3_func, Test: apply - 6",0.013498418993549421,0.002822901005856693,584.3123435149404,"0    584.312344
dtype: float64",,,-0.7908717304444549,3.781754289485942
"Size: 10^3, Func: harder3_func, Test: apply - 7",0.013327330991160125,0.00277779099997133,584.3123435149404,"0    584.312344
dtype: float64",,,-0.7915718457196111,3.797816319261484
"Size: 10^3, Func: harder3_func, Test: apply - 8",0.013389310013735667,0.002767579979263246,584.3123435149404,"0    584.312344
dtype: float64",,,-0.7932992830531167,3.8379125857457668
"Size: 10^3, Func: harder3_func, Test: apply - 9",0.013316450989805162,0.0027913910162169486,584.3123435149404,"0    584.312344
dtype: float64",,,-0.7903802583470635,3.770543041960625
"Size: 10^3, Func: harder3_func, Test: apply - 10",0.013310501002706587,0.002768450998701155,584.3123435149404,"0    584.312344
dtype: float64",,,-0.7920100078773735,3.807923639952932
"Size: 10^3, Func: harder3_func, Test: apply - 11",0.013414640008704737,0.00281624001218006,584.3123435149404,"0    584.312344
dtype: float64",,,-0.7900621999283912,3.7633156089989726
"Size: 10^3, Func: harder3_func, Test: apply - 12",0.013376640999922529,0.0028012509865220636,584.3123435149404,"0    584.312344
dtype: float64",,,-0.7905863671950015,3.7752383004175227
"Size: 10^3, Func: harder3_func, Test: apply - 13",0.013421350013231859,0.0027783810219261795,584.3123435149404,"0    584.312344
dtype: float64",,,-0.7929879617782842,3.8306369455141125
"Size: 10^3, Func: harder3_func, Test: apply - 14",0.013332000002264977,0.0027844099968206137,584.3123435149404,"0    584.312344
dtype: float64",,,-0.7911483651104433,3.7880879674646186
"Size: 10^4, Func: simple_start, Test: apply - 0",0.0961435450008139,0.00020983797730877995,-86641.6171875,"0   -86641.617188
dtype: float32",,,-0.9978174512151907,457.17990734507094
"Size: 10^4, Func: simple_start, Test: apply - 1",0.0950636769994162,0.00014031800674274564,-86641.6171875,"0   -86641.617188
dtype: float32",,,-0.998523957717903,676.4873674887841
"Size: 10^4, Func: simple_start, Test: apply - 2",0.0942982170090545,0.00014755898155272007,-86641.6171875,"0   -86641.617188
dtype: float32",,,-0.9984351880000175,638.0544039866763
"Size: 10^4, Func: simple_start, Test: apply - 3",0.0938852489925921,0.00016822898760437965,-86641.6171875,"0   -86641.617188
dtype: float32",,,-0.998208142499386,557.0800926733265
"Size: 10^4, Func: simple_start, Test: apply - 4",0.09458312200149521,0.00012332902406342328,-86641.6171875,"0   -86641.617188
dtype: float32",,,-0.9986960778894413,765.9169744897586
"Size: 10^4, Func: simple_start, Test: apply - 5",0.09463422099361196,0.0001477879995945841,-86641.6171875,"0   -86641.617188
dtype: float32",,,-0.9984383239166246,639.3376542967969
"Size: 10^4, Func: simple_start, Test: apply - 6",0.0956228029972408,0.00012122798943892121,-86641.6171875,"0   -86641.617188
dtype: float32",,,-0.998732227192269,787.7848626361887
"Size: 10^4, Func: simple_start, Test: apply - 7",0.09483674098737538,0.00014087901217862964,-86641.6171875,"0   -86641.617188
dtype: float32",,,-0.9985145101918107,672.1786340688259
"Size: 10^4, Func: simple_start, Test: apply - 8",0.09380630200030282,0.00011803899542428553,-86641.6171875,"0   -86641.617188
dtype: float32",,,-0.9987416730762513,793.7060347567391
"Size: 10^4, Func: simple_start, Test: apply - 9",0.09492940100608394,0.00012847900507040322,-86641.6171875,"0   -86641.617188
dtype: float32",,,-0.9986465836325864,737.8709225609666
"Size: 10^4, Func: simple_start, Test: apply - 10",0.09392632101662457,0.00011605897452682257,-86641.6171875,"0   -86641.617188
dtype: float32",,,-0.9987643615413587,808.2982158386822
"Size: 10^4, Func: simple_start, Test: apply - 11",0.09496478200890124,0.0001170590112451464,-86641.6171875,"0   -86641.617188
dtype: float32",,,-0.9987673429163016,810.2556308033804
"Size: 10^4, Func: simple_start, Test: apply - 12",0.09474082200904377,0.00011835800250992179,-86641.6171875,"0   -86641.617188
dtype: float32",,,-0.9987507180115175,799.4597914796828
"Size: 10^4, Func: simple_start, Test: apply - 13",0.09421285899588838,0.00011787901166826487,-86641.6171875,"0   -86641.617188
dtype: float32",,,-0.9987488012472543,798.2335332859952
"Size: 10^4, Func: simple_start, Test: apply - 14",0.09410520899109542,0.00013386900536715984,-86641.6171875,"0   -86641.617188
dtype: float32",,,-0.9985774538221383,701.9648777399589
"Size: 10^4, Func: harder_func, Test: apply - 0",0.10085267899557948,0.023757392016705126,-11903.033203125,"0   -11903.031931
dtype: float64",,,-0.7644346957035574,3.2451073301591533
"Size: 10^4, Func: harder_func, Test: apply - 1",0.10080845101037994,0.023631803021999076,-11903.033203125,"0   -11903.031931
dtype: float64",,,-0.7655771635696914,3.265796008731808
"Size: 10^4, Func: harder_func, Test: apply - 2",0.10176065200357698,0.024166857998352498,-11903.033203125,"0   -11903.031931
dtype: float64",,,-0.7625127441449273,3.210752262893017
"Size: 10^4, Func: harder_func, Test: apply - 3",0.10248918298748322,0.024052961001871154,-11903.033203125,"0   -11903.031931
dtype: float64",,,-0.7653121988023976,3.2609798843273508
"Size: 10^4, Func: harder_func, Test: apply - 4",0.10104353801580146,0.023950431001139805,-11903.033203125,"0   -11903.031931
dtype: float64",,,-0.7629691965319507,3.2188609470532192
"Size: 10^4, Func: harder_func, Test: apply - 5",0.10215152701130137,0.023794272012310103,-11903.033203125,"0   -11903.031931
dtype: float64",,,-0.7670688563502563,3.2931141981756236
"Size: 10^4, Func: harder_func, Test: apply - 6",0.10159973401459865,0.024040260002948344,-11903.033203125,"0   -11903.031931
dtype: float64",,,-0.7633826482312045,3.226232744659927
"Size: 10^4, Func: harder_func, Test: apply - 7",0.09949239599518478,0.023692592978477478,-11903.033203125,"0   -11903.031931
dtype: float64",,,-0.761865288884749,3.199303811345782
"Size: 10^4, Func: harder_func, Test: apply - 8",0.10071511298883706,0.023901439999463037,-11903.033203125,"0   -11903.031931
dtype: float64",,,-0.7626826869358505,3.213767580158338
"Size: 10^4, Func: harder_func, Test: apply - 9",0.10125231798156165,0.02399468098883517,-11903.033203125,"0   -11903.031931
dtype: float64",,,-0.7630209217214694,3.2197817936681377
"Size: 10^4, Func: harder_func, Test: apply - 10",0.10192096399259754,0.023872510995715857,-11903.033203125,"0   -11903.031931
dtype: float64",,,-0.7657742817517925,3.269385990057275
"Size: 10^4, Func: harder_func, Test: apply - 11",0.10131941898725927,0.023744223988614976,-11903.033203125,"0   -11903.031931
dtype: float64",,,-0.7656498208739159,3.2671185647440204
"Size: 10^4, Func: harder_func, Test: apply - 12",0.10117248000460677,0.023770772997522727,-11903.033203125,"0   -11903.031931
dtype: float64",,,-0.7650470464256649,3.2561712240132232
"Size: 10^4, Func: harder_func, Test: apply - 13",0.1015668949985411,0.02367995399981737,-11903.033203125,"0   -11903.031931
dtype: float64",,,-0.7668536189852264,3.289150857274656
"Size: 10^4, Func: harder_func, Test: apply - 14",0.10083013301482424,0.023659244005102664,-11903.033203125,"0   -11903.031931
dtype: float64",,,-0.7653554220579653,3.2617647881343075
"Size: 10^4, Func: harder2_func, Test: apply - 0",0.11350340201170184,0.01398902601795271,-15635.2646484375,"0   -15635.269855
dtype: float64",,,-0.8767523636295017,7.113745865225935
"Size: 10^4, Func: harder2_func, Test: apply - 1",0.11298373801400885,0.01407107402337715,-15635.2646484375,"0   -15635.269855
dtype: float64",,,-0.8754592982077432,7.0295034925054
"Size: 10^4, Func: harder2_func, Test: apply - 2",0.11296142000355758,0.014102935005212203,-15635.2646484375,"0   -15635.269855
dtype: float64",,,-0.8751526405673012,7.0097809400531865
"Size: 10^4, Func: harder2_func, Test: apply - 3",0.11295966999023221,0.014190404006512836,-15635.2646484375,"0   -15635.269855
dtype: float64",,,-0.8743763680635761,6.960285692950545
"Size: 10^4, Func: harder2_func, Test: apply - 4",0.11357554400456138,0.014144184009637684,-15635.2646484375,"0   -15635.269855
dtype: float64",,,-0.8754645277413804,7.029840670000638
"Size: 10^4, Func: harder2_func, Test: apply - 5",0.11428778601111844,0.01426637198892422,-15635.2646484375,"0   -15635.269855
dtype: float64",,,-0.875171507937547,7.010991589161311
"Size: 10^4, Func: harder2_func, Test: apply - 6",0.11421518700080924,0.014375161001225933,-15635.2646484375,"0   -15635.269855
dtype: float64",,,-0.874139671100621,6.945315324890539
"Size: 10^4, Func: harder2_func, Test: apply - 7",0.11466288397787139,0.013989344995934516,-15635.2646484375,"0   -15635.269855
dtype: float64",,,-0.8779958735502039,7.196444080204891
"Size: 10^4, Func: harder2_func, Test: apply - 8",0.11378545200568624,0.014313001011032611,-15635.2646484375,"0   -15635.269855
dtype: float64",,,-0.8742106239528992,6.949796965568522
"Size: 10^4, Func: harder2_func, Test: apply - 9",0.11364031399716623,0.014291891013272107,-15635.2646484375,"0   -15635.269855
dtype: float64",,,-0.8742357310485036,6.9513840325002905
"Size: 10^4, Func: harder2_func, Test: apply - 10",0.11352752702077851,0.01429623199510388,-15635.2646484375,"0   -15635.269855
dtype: float64",,,-0.8740725498892679,6.941080353176906
"Size: 10^4, Func: harder2_func, Test: apply - 11",0.11421200999757275,0.014296880981419235,-15635.2646484375,"0   -15635.269855
dtype: float64",,,-0.874821562270701,6.988596264178668
"Size: 10^4, Func: harder2_func, Test: apply - 12",0.11481991401524283,0.014154713979223743,-15635.2646484375,"0   -15635.269855
dtype: float64",,,-0.8767224823270234,7.111779170089571
"Size: 10^4, Func: harder2_func, Test: apply - 13",0.11271352600306273,0.014292582985945046,-15635.2646484375,"0   -15635.269855
dtype: float64",,,-0.8731954939857292,6.886155085746381
"Size: 10^4, Func: harder2_func, Test: apply - 14",0.11299216299084947,0.014240982010960579,-15635.2646484375,"0   -15635.269855
dtype: float64",,,-0.8739648694740549,6.934295746170102
"Size: 10^4, Func: harder3_func, Test: apply - 0",0.1317700200015679,0.02737581598921679,14077.36548041614,"0    14077.36548
dtype: float64",,,-0.7922454896121967,3.813373236197654
"Size: 10^4, Func: harder3_func, Test: apply - 1",0.13185162798617966,0.027639944019028917,14077.36548041614,"0    14077.36548
dtype: float64",,,-0.7903708551711924,3.770329053322448
"Size: 10^4, Func: harder3_func, Test: apply - 2",0.13156447300571017,0.027463837002869695,14077.36548041614,"0    14077.36548
dtype: float64",,,-0.7912518754080541,3.790462199144388
"Size: 10^4, Func: harder3_func, Test: apply - 3",0.13181009099935181,0.027344147994881496,14077.36548041614,"0    14077.36548
dtype: float64",,,-0.7925489028376745,3.820413165699115
"Size: 10^4, Func: harder3_func, Test: apply - 4",0.13226414599921554,0.02734634801163338,14077.36548041614,"0    14077.36548
dtype: float64",,,-0.793244436691138,3.8366292253338248
"Size: 10^4, Func: harder3_func, Test: apply - 5",0.13287160999607295,0.027223960001720116,14077.36548041614,"0    14077.36548
dtype: float64",,,-0.7951107839927225,3.880686350834985
"Size: 10^4, Func: harder3_func, Test: apply - 6",0.13249403302324936,0.027574095991440117,14077.36548041614,"0    14077.36548
dtype: float64",,,-0.791884242918309,3.8050181976729087
"Size: 10^4, Func: harder3_func, Test: apply - 7",0.13233329498325475,0.027369178016670048,14077.36548041614,"0    14077.36548
dtype: float64",,,-0.7931799550511207,3.835121277761906
"Size: 10^4, Func: harder3_func, Test: apply - 8",0.1327463350025937,0.027372927987016737,14077.36548041614,"0    14077.36548
dtype: float64",,,-0.7937952261621242,3.8495482494805326
"Size: 10^4, Func: harder3_func, Test: apply - 9",0.13417543901596218,0.027367468021111563,14077.36548041614,"0    14077.36548
dtype: float64",,,-0.7960322081163022,3.9027348424215855
"Size: 10^4, Func: harder3_func, Test: apply - 10",0.13270238498807885,0.02728485901025124,14077.36548041614,"0    14077.36548
dtype: float64",,,-0.7943905905481478,3.8635906433755443
"Size: 10^4, Func: harder3_func, Test: apply - 11",0.13303979201009497,0.027452646987512708,14077.36548041614,"0    14077.36548
dtype: float64",,,-0.7936508575913166,3.8461553478107353
"Size: 10^4, Func: harder3_func, Test: apply - 12",0.13409833100740798,0.027650624979287386,14077.36548041614,"0    14077.36548
dtype: float64",,,-0.7938033622673508,3.8497396029152604
"Size: 10^4, Func: harder3_func, Test: apply - 13",0.13237514800857753,0.027568256977247074,14077.36548041614,"0    14077.36548
dtype: float64",,,-0.791741445490503,3.8017235227396053
"Size: 10^4, Func: harder3_func, Test: apply - 14",0.13286411299486645,0.02768191698123701,14077.36548041614,"0    14077.36548
dtype: float64",,,-0.7916524157105796,3.79967168043032
"Size: 10^5, Func: simple_start, Test: apply - 0",0.9518145999754779,0.00047341498429886997,-682042.4375,"0   -682042.4375
dtype: float32",,,-0.99950261848861,2009.5290950710405
"Size: 10^5, Func: simple_start, Test: apply - 1",0.9403864269843325,0.0005232939729467034,-682042.4375,"0   -682042.4375
dtype: float32",,,-0.9994435330435119,1796.0518974047293
"Size: 10^5, Func: simple_start, Test: apply - 2",0.9449307820177637,0.0005025749851483852,-682042.4375,"0   -682042.4375
dtype: float32",,,-0.9994681356616669,1879.1786995800699
"Size: 10^5, Func: simple_start, Test: apply - 3",0.9442525469930843,0.0005096450040582567,-682042.4375,"0   -682042.4375
dtype: float32",,,-0.9994602662119565,1851.7652375164814
"Size: 10^5, Func: simple_start, Test: apply - 4",0.9412481570034288,0.00044475600589066744,-682042.4375,"0   -682042.4375
dtype: float32",,,-0.9995274827338769,2115.3247815360855
"Size: 10^5, Func: simple_start, Test: apply - 5",0.9431704780145083,0.0004895850142929703,-682042.4375,"0   -682042.4375
dtype: float32",,,-0.9994809156714451,1925.4692555522338
"Size: 10^5, Func: simple_start, Test: apply - 6",0.9450223080057185,0.0005058449751231819,-682042.4375,"0   -682042.4375
dtype: float32",,,-0.9994647269478848,1867.2053879760085
"Size: 10^5, Func: simple_start, Test: apply - 7",0.9428033310105093,0.0004916150064673275,-682042.4375,"0   -682042.4375
dtype: float32",,,-0.9994785603844437,1916.767599865094
"Size: 10^5, Func: simple_start, Test: apply - 8",0.9411766870180145,0.0004602450062520802,-682042.4375,"0   -682042.4375
dtype: float32",,,-0.9995109897933083,2043.94709172906
"Size: 10^5, Func: simple_start, Test: apply - 9",0.9386089210165665,0.00043612602166831493,-682042.4375,"0   -682042.4375
dtype: float32",,,-0.9995353485227948,2151.15069586103
"Size: 10^5, Func: simple_start, Test: apply - 10",0.9433513950207271,0.0004791750106960535,-682042.4375,"0   -682042.4375
dtype: float32",,,-0.9994920503502457,1967.6990639399312
"Size: 10^5, Func: simple_start, Test: apply - 11",0.940471312002046,0.0004769749939441681,-682042.4375,"0   -682042.4375
dtype: float32",,,-0.9994928340845094,1970.7413364276538
"Size: 10^5, Func: simple_start, Test: apply - 12",0.946158736012876,0.0004990650049876422,-682042.4375,"0   -682042.4375
dtype: float32",,,-0.9994725356475693,1894.8627163936385
"Size: 10^5, Func: simple_start, Test: apply - 13",0.9422649430052843,0.0004154760099481791,-682042.4375,"0   -682042.4375
dtype: float32",,,-0.9995590666796718,2266.9166075625153
"Size: 10^5, Func: simple_start, Test: apply - 14",0.9357825890183449,0.0005034849746152759,-682042.4375,"0   -682042.4375
dtype: float32",,,-0.99946196372905,1857.6107554319715
"Size: 10^5, Func: harder_func, Test: apply - 0",0.9959868370206095,0.2362758529779967,-13051.375,"0   -13051.37863
dtype: float64",,,-0.7627721128476043,3.21535601064304
"Size: 10^5, Func: harder_func, Test: apply - 1",0.9974999109981582,0.23585053099668585,-13051.375,"0   -13051.37863
dtype: float64",,,-0.763558343819119,3.2293731830189305
"Size: 10^5, Func: harder_func, Test: apply - 2",0.9937132240156643,0.23662939100177027,-13051.375,"0   -13051.37863
dtype: float64",,,-0.7618735614229482,3.199449695613805
"Size: 10^5, Func: harder_func, Test: apply - 3",1.0131897190003656,0.23726678299135529,-13051.375,"0   -13051.37863
dtype: float64",,,-0.7658219595581293,3.270255221681329
"Size: 10^5, Func: harder_func, Test: apply - 4",1.0064941129821818,0.23922016800497659,-13051.375,"0   -13051.37863
dtype: float64",,,-0.7623233311358558,3.2073965643283193
"Size: 10^5, Func: harder_func, Test: apply - 5",0.9997126460075378,0.2352872519986704,-13051.375,"0   -13051.37863
dtype: float64",,,-0.7646451178362944,3.2489027242886372
"Size: 10^5, Func: harder_func, Test: apply - 6",1.0031357079860754,0.23557514598360285,-13051.375,"0   -13051.37863
dtype: float64",,,-0.7651612397922207,3.258240841993995
"Size: 10^5, Func: harder_func, Test: apply - 7",0.9915737480041571,0.23458670199033804,-13051.375,"0   -13051.37863
dtype: float64",,,-0.7634198137430374,3.2268966637546113
"Size: 10^5, Func: harder_func, Test: apply - 8",1.0051569619972724,0.23818595599732362,-13051.375,"0   -13051.37863
dtype: float64",,,-0.7630360580460567,3.220051336731906
"Size: 10^5, Func: harder_func, Test: apply - 9",1.0059810509847011,0.23819993998040445,-13051.375,"0   -13051.37863
dtype: float64",,,-0.7632162755478911,3.2232632429187777
"Size: 10^5, Func: harder_func, Test: apply - 10",0.971975085005397,0.23112559301080182,-13051.375,"0   -13051.37863
dtype: float64",,,-0.7622103729032124,3.2053979065830713
"Size: 10^5, Func: harder_func, Test: apply - 11",0.9892995650006924,0.2315042559930589,-13051.375,"0   -13051.37863
dtype: float64",,,-0.7659917539811141,3.2733536830975325
"Size: 10^5, Func: harder_func, Test: apply - 12",0.9745361410023179,0.22900963900610805,-13051.375,"0   -13051.37863
dtype: float64",,,-0.7650065201578159,3.255437217541422
"Size: 10^5, Func: harder_func, Test: apply - 13",0.9786324559827335,0.24260094299097545,-13051.375,"0   -13051.37863
dtype: float64",,,-0.752102087450842,3.0339185986558093
"Size: 10^5, Func: harder_func, Test: apply - 14",1.0001499759964645,0.2344307659950573,-13051.375,"0   -13051.37863
dtype: float64",,,-0.7656043877204612,3.2662914645663506
"Size: 10^5, Func: harder2_func, Test: apply - 0",1.1186469109961763,0.13710283100954257,-421042.96875,"0   -421043.012399
dtype: float64",,,-0.8774386898476751,7.15918170878847
"Size: 10^5, Func: harder2_func, Test: apply - 1",1.1046227240003645,0.13641345300129615,-421042.96875,"0   -421043.012399
dtype: float64",,,-0.8765067474736731,7.09760840809351
"Size: 10^5, Func: harder2_func, Test: apply - 2",1.1063770170148928,0.13693534000776708,-421042.96875,"0   -421043.012399
dtype: float64",,,-0.8762308526823602,7.079557964745538
"Size: 10^5, Func: harder2_func, Test: apply - 3",1.1127131459943485,0.1371010119910352,-421042.96875,"0   -421043.012399
dtype: float64",,,-0.8767867419517918,7.116009720388547
"Size: 10^5, Func: harder2_func, Test: apply - 4",1.1096337430062704,0.13809337600832805,-421042.96875,"0   -421043.012399
dtype: float64",,,-0.875550489628948,7.035387178450552
"Size: 10^5, Func: harder2_func, Test: apply - 5",1.115463260008255,0.1381634509889409,-421042.96875,"0   -421043.012399
dtype: float64",,,-0.8761380531816724,7.073504620969121
"Size: 10^5, Func: harder2_func, Test: apply - 6",1.1159177910012659,0.1373856219870504,-421042.96875,"0   -421043.012399
dtype: float64",,,-0.8768855348530826,7.122522392528451
"Size: 10^5, Func: harder2_func, Test: apply - 7",1.1260111070005223,0.13626302397460677,-421042.96875,"0   -421043.012399
dtype: float64",,,-0.8789860747132545,7.26351180354224
"Size: 10^5, Func: harder2_func, Test: apply - 8",1.097778199997265,0.1342982049973216,-421042.96875,"0   -421043.012399
dtype: float64",,,-0.8776636254958823,7.174183713171436
"Size: 10^5, Func: harder2_func, Test: apply - 9",1.1102603200124577,0.13573268699110486,-421042.96875,"0   -421043.012399
dtype: float64",,,-0.8777469710981098,7.17975643615762
"Size: 10^5, Func: harder2_func, Test: apply - 10",1.105858082009945,0.13565683100023307,-421042.96875,"0   -421043.012399
dtype: float64",,,-0.8773288967118901,7.151879074987717
"Size: 10^5, Func: harder2_func, Test: apply - 11",1.0948457700142171,0.13580187200568616,-421042.96875,"0   -421043.012399
dtype: float64",,,-0.8759625549780197,7.062081574018176
"Size: 10^5, Func: harder2_func, Test: apply - 12",1.0918545649910811,0.13332168699707836,-421042.96875,"0   -421043.012399
dtype: float64",,,-0.8778942807294419,7.189624580845637
"Size: 10^5, Func: harder2_func, Test: apply - 13",1.0932956190081313,0.13707415902172215,-421042.96875,"0   -421043.012399
dtype: float64",,,-0.8746229687208664,6.975942561390267
"Size: 10^5, Func: harder2_func, Test: apply - 14",1.0986006180173717,0.13423752802191302,-421042.96875,"0   -421043.012399
dtype: float64",,,-0.8778104382790449,7.184005130353976
"Size: 10^5, Func: harder3_func, Test: apply - 0",1.271619372011628,0.2620797599956859,-10734.413228946567,"0   -10734.413229
dtype: float64",,,-0.7939007805605455,3.852031961691968
"Size: 10^5, Func: harder3_func, Test: apply - 1",1.2821599940070882,0.261279619007837,-10734.413228946567,"0   -10734.413229
dtype: float64",,,-0.7962191768351239,3.9072330971541644
"Size: 10^5, Func: harder3_func, Test: apply - 2",1.2611378459841944,0.2583198999927845,-10734.413228946567,"0   -10734.413229
dtype: float64",,,-0.7951691793126776,3.882077788120161
"Size: 10^5, Func: harder3_func, Test: apply - 3",1.293592900998192,0.26807596199796535,-10734.413228946567,"0   -10734.413229
dtype: float64",,,-0.7927663627474251,3.825471449797539
"Size: 10^5, Func: harder3_func, Test: apply - 4",1.3249579060066026,0.26746237400220707,-10734.413228946567,"0   -10734.413229
dtype: float64",,,-0.7981351914731136,3.953810460067438
"Size: 10^5, Func: harder3_func, Test: apply - 5",1.3015141829964705,0.2631289220007602,-10734.413228946567,"0   -10734.413229
dtype: float64",,,-0.7978286172840932,3.946298465026624
"Size: 10^5, Func: harder3_func, Test: apply - 6",1.3070927480002865,0.26781139298691414,-10734.413228946567,"0   -10734.413229
dtype: float64",,,-0.7951091126497051,3.8806465379318418
"Size: 10^5, Func: harder3_func, Test: apply - 7",1.3196225409919862,0.2686144670005888,-10734.413228946567,"0   -10734.413229
dtype: float64",,,-0.7964459846232499,3.912700926823475
"Size: 10^5, Func: harder3_func, Test: apply - 8",1.3189130880055018,0.2700792470132001,-10734.413228946567,"0   -10734.413229
dtype: float64",,,-0.7952258951182131,3.8834299658020006
"Size: 10^5, Func: harder3_func, Test: apply - 9",1.3171220450021792,0.2664268240041565,-10734.413228946567,"0   -10734.413229
dtype: float64",,,-0.7977204731975193,3.9436540405617375
"Size: 10^5, Func: harder3_func, Test: apply - 10",1.3068918980134185,0.2689993130043149,-10734.413228946567,"0   -10734.413229
dtype: float64",,,-0.7941686581627634,3.858346601028142
"Size: 10^5, Func: harder3_func, Test: apply - 11",1.314751296013128,0.27171003600233234,-10734.413228946567,"0   -10734.413229
dtype: float64",,,-0.7933373126717805,3.8388028479074743
"Size: 10^5, Func: harder3_func, Test: apply - 12",1.2987215910106897,0.2614979129866697,-10734.413228946567,"0   -10734.413229
dtype: float64",,,-0.7986497531136239,3.9664701954118247
"Size: 10^5, Func: harder3_func, Test: apply - 13",1.2764326619799249,0.26275588298449293,-10734.413228946567,"0   -10734.413229
dtype: float64",,,-0.7941482611570578,3.8578652073615274
"Size: 10^5, Func: harder3_func, Test: apply - 14",1.2755457099992782,0.2633166929881554,-10734.413228946567,"0   -10734.413229
dtype: float64",,,-0.7935654591411668,3.8441505759631243
"Size: 10^6, Func: simple_start, Test: apply - 0",9.180650933005381,0.002688397013116628,14931430.0,"0    14931430.0
dtype: float32",,,-0.999707167058988,3413.916356554926
"Size: 10^6, Func: simple_start, Test: apply - 1",9.360003809008049,0.002637177996803075,14931430.0,"0    14931430.0
dtype: float32",,,-0.9997182503286735,3548.2499256230462
"Size: 10^6, Func: simple_start, Test: apply - 2",9.369548955000937,0.003004794998560101,14931430.0,"0    14931430.0
dtype: float32",,,-0.9996793020653405,3117.1990649913987
"Size: 10^6, Func: simple_start, Test: apply - 3",9.182845303992508,0.0030581449973396957,14931430.0,"0    14931430.0
dtype: float32",,,-0.9996669719573725,3001.7501351246383
"Size: 10^6, Func: simple_start, Test: apply - 4",9.335621697013266,0.002692398993531242,14931430.0,"0    14931430.0
dtype: float32",,,-0.9997115993898518,3466.3990442883955
"Size: 10^6, Func: simple_start, Test: apply - 5",9.504095611016965,0.002519089000998065,14931430.0,"0    14931430.0
dtype: float32",,,-0.9997349470055754,3771.830418953612
"Size: 10^6, Func: simple_start, Test: apply - 6",9.187009407993173,0.0030403170094359666,14931430.0,"0    14931430.0
dtype: float32",,,-0.9996690634705576,3020.7274644322465
"Size: 10^6, Func: simple_start, Test: apply - 7",9.315032644983148,0.0028221090033184737,14931430.0,"0    14931430.0
dtype: float32",,,-0.999697037132249,3299.7345336518706
"Size: 10^6, Func: simple_start, Test: apply - 8",9.405549563991372,0.0023915730125736445,14931430.0,"0    14931430.0
dtype: float32",,,-0.9997457274562956,3931.7879661385596
"Size: 10^6, Func: simple_start, Test: apply - 9",9.333521468011895,0.0025683119893074036,14931430.0,"0    14931430.0
dtype: float32",,,-0.9997248292621269,3633.1073463309513
"Size: 10^6, Func: simple_start, Test: apply - 10",9.292161992983893,0.002372924005612731,14931430.0,"0    14931430.0
dtype: float32",,,-0.9997446316575836,3914.9121703876444
"Size: 10^6, Func: simple_start, Test: apply - 11",9.337765800999478,0.0025250730104744434,14931430.0,"0    14931430.0
dtype: float32",,,-0.999729584885262,3697.0181413625646
"Size: 10^6, Func: simple_start, Test: apply - 12",9.436162279016571,0.00279851199593395,14931430.0,"0    14931430.0
dtype: float32",,,-0.9997034268897477,3370.8498590417626
"Size: 10^6, Func: simple_start, Test: apply - 13",9.46287448599469,0.0026472730096429586,14931430.0,"0    14931430.0
dtype: float32",,,-0.9997202464205183,3573.574458896085
"Size: 10^6, Func: simple_start, Test: apply - 14",9.432856878993334,0.0025792240048758686,14931430.0,"0    14931430.0
dtype: float32",,,-0.9997265702174895,3656.2460791156886
"Size: 10^6, Func: harder_func, Test: apply - 0",10.091451912012417,2.2867945570033044,1699269.375,"0    1.699270e+06
dtype: float64",,,-0.7733929094701224,3.412924580875603
"Size: 10^6, Func: harder_func, Test: apply - 1",9.755870188993867,2.3535681800276507,1699269.375,"0    1.699270e+06
dtype: float64",,,-0.7587536391491925,3.1451402478084365
"Size: 10^6, Func: harder_func, Test: apply - 2",10.070258304011077,2.3442622880102135,1699269.375,"0    1.699270e+06
dtype: float64",,,-0.7672093190423455,3.2957046041800258
"Size: 10^6, Func: harder_func, Test: apply - 3",9.931008190993452,2.2993568159872666,1699269.375,"0    1.699270e+06
dtype: float64",,,-0.7684669298659345,3.3190374464475667
"Size: 10^6, Func: harder_func, Test: apply - 4",9.765212892991258,2.3610758029972203,1699269.375,"0    1.699270e+06
dtype: float64",,,-0.7582156345314474,3.135916720926539
"Size: 10^6, Func: harder_func, Test: apply - 5",10.003806927998085,2.391837786010001,1699269.375,"0    1.699270e+06
dtype: float64",,,-0.7609072422903463,3.1824771673526255
"Size: 10^6, Func: harder_func, Test: apply - 6",9.858438407012727,2.3794251389917918,1699269.375,"0    1.699270e+06
dtype: float64",,,-0.7586407663409243,3.143201753004063
"Size: 10^6, Func: harder_func, Test: apply - 7",10.064090483996551,2.3706817219790537,1699269.375,"0    1.699270e+06
dtype: float64",,,-0.764441533415384,3.245230555704885
"Size: 10^6, Func: harder_func, Test: apply - 8",9.863155004015425,2.3141940649948083,1699269.375,"0    1.699270e+06
dtype: float64",,,-0.7653697965759771,3.2620258833122335
"Size: 10^6, Func: harder_func, Test: apply - 9",9.907351040979847,2.3646359469858,1699269.375,"0    1.699270e+06
dtype: float64",,,-0.7613251072658132,3.1897997252425867
"Size: 10^6, Func: harder_func, Test: apply - 10",10.026841607003007,2.3569990799878724,1699269.375,"0    1.699270e+06
dtype: float64",,,-0.7649310548257107,3.254071073737797
"Size: 10^6, Func: harder_func, Test: apply - 11",9.989995195996016,2.365707435994409,1699269.375,"0    1.699270e+06
dtype: float64",,,-0.7631923349730355,3.222836283133544
"Size: 10^6, Func: harder_func, Test: apply - 12",9.887306304997765,2.297639905998949,1699269.375,"0    1.699270e+06
dtype: float64",,,-0.7676172017814847,3.303244507193151
"Size: 10^6, Func: harder_func, Test: apply - 13",9.735417607997078,2.3128680670051835,1699269.375,"0    1.699270e+06
dtype: float64",,,-0.7624274417252223,3.2092403569750436
"Size: 10^6, Func: harder_func, Test: apply - 14",9.958985003002454,2.3740730859863106,1699269.375,"0    1.699270e+06
dtype: float64",,,-0.7616149552117439,3.194894024867388
"Size: 10^6, Func: harder2_func, Test: apply - 0",11.006319920998067,1.3682596250146162,-31709632.0,"0   -3.170963e+07
dtype: float64",,,-0.8756841855555894,7.044028866875681
"Size: 10^6, Func: harder2_func, Test: apply - 1",11.287068372999784,1.3836125489906408,-31709632.0,"0   -3.170963e+07
dtype: float64",,,-0.8774161276190696,7.1576799670065245
"Size: 10^6, Func: harder2_func, Test: apply - 2",11.257398237008601,1.3957009389996529,-31709632.0,"0   -3.170963e+07
dtype: float64",,,-0.8760192266796338,7.065766757366495
"Size: 10^6, Func: harder2_func, Test: apply - 3",11.238415037980303,1.4064486800052691,-31709632.0,"0   -3.170963e+07
dtype: float64",,,-0.8748534668587905,6.9906328597344904
"Size: 10^6, Func: harder2_func, Test: apply - 4",11.12898082099855,1.3863921610172838,-31709632.0,"0   -3.170963e+07
dtype: float64",,,-0.8754250561379897,7.027296412894106
"Size: 10^6, Func: harder2_func, Test: apply - 5",11.039296807983192,1.3298969550232869,-31709632.0,"0   -3.170963e+07
dtype: float64",,,-0.8795306460044124,7.3008662936519695
"Size: 10^6, Func: harder2_func, Test: apply - 6",10.911699535005027,1.3565546830068342,-31709632.0,"0   -3.170963e+07
dtype: float64",,,-0.8756788822259108,7.043685722140591
"Size: 10^6, Func: harder2_func, Test: apply - 7",11.091461119998712,1.380642200994771,-31709632.0,"0   -3.170963e+07
dtype: float64",,,-0.8755220627780615,7.033552148418444
"Size: 10^6, Func: harder2_func, Test: apply - 8",11.222058455983642,1.382786099013174,-31709632.0,"0   -3.170963e+07
dtype: float64",,,-0.8767796385630243,7.115541849887174
"Size: 10^6, Func: harder2_func, Test: apply - 9",11.063192468020134,1.335072261019377,-31709632.0,"0   -3.170963e+07
dtype: float64",,,-0.8793230557202535,7.286587019322068
"Size: 10^6, Func: harder2_func, Test: apply - 10",10.975978250004118,1.3378283930069301,-31709632.0,"0   -3.170963e+07
dtype: float64",,,-0.8781130608557439,7.204324491375376
"Size: 10^6, Func: harder2_func, Test: apply - 11",11.183849446999375,1.4076383619976696,-31709632.0,"0   -3.170963e+07
dtype: float64",,,-0.8741365065160691,6.945115555907171
"Size: 10^6, Func: harder2_func, Test: apply - 12",10.86334772198461,1.3370643210073467,-31709632.0,"0   -3.170963e+07
dtype: float64",,,-0.876919679345118,7.124775712959076
"Size: 10^6, Func: harder2_func, Test: apply - 13",10.91798905498581,1.4442901269940194,-31709632.0,"0   -3.170963e+07
dtype: float64",,,-0.8677146386829844,6.559415418638405
"Size: 10^6, Func: harder2_func, Test: apply - 14",11.00708764299634,1.3570775810221676,-31709632.0,"0   -3.170963e+07
dtype: float64",,,-0.8767087512121648,7.110875750158414
"Size: 10^6, Func: harder3_func, Test: apply - 0",13.029958901985083,2.5988788030226715,864990.9411818335,"0    864990.941182
dtype: float64",,,-0.8005458940759407,4.013684703892448
"Size: 10^6, Func: harder3_func, Test: apply - 1",12.77935839901329,2.6714601019921247,864990.9411818335,"0    864990.941182
dtype: float64",,,-0.7909550684329825,3.783660586764385
"Size: 10^6, Func: harder3_func, Test: apply - 2",13.115662983997026,2.6469642640149686,864990.9411818335,"0    864990.941182
dtype: float64",,,-0.7981829613001918,3.954983020474528
"Size: 10^6, Func: harder3_func, Test: apply - 3",13.063757009018445,2.528851840994321,864990.9411818335,"0    864990.941182
dtype: float64",,,-0.8064223148632854,4.165884690137442
"Size: 10^6, Func: harder3_func, Test: apply - 4",12.668618869007332,2.5478072940022685,864990.9411818335,"0    864990.941182
dtype: float64",,,-0.7988883144763905,3.972361488574988
"Size: 10^6, Func: harder3_func, Test: apply - 5",12.624060739995912,2.543727555021178,864990.9411818335,"0    864990.941182
dtype: float64",,,-0.7985016384655005,3.962819510712423
"Size: 10^6, Func: harder3_func, Test: apply - 6",12.582778532989323,2.5546436730073765,864990.9411818335,"0    864990.941182
dtype: float64",,,-0.7969730082819424,3.9254534657573714
"Size: 10^6, Func: harder3_func, Test: apply - 7",12.620910170982825,2.6162383309856523,864990.9411818335,"0    864990.941182
dtype: float64",,,-0.7927060492831383,3.8240674488657813
"Size: 10^6, Func: harder3_func, Test: apply - 8",12.822039527993184,2.6046152820053976,864990.9411818335,"0    864990.941182
dtype: float64",,,-0.7968641980615502,3.9228151338039385
"Size: 10^6, Func: harder3_func, Test: apply - 9",12.967003776022466,2.659202788985567,864990.9411818335,"0    864990.941182
dtype: float64",,,-0.7949254249541633,3.8762748857408953
"Size: 10^6, Func: harder3_func, Test: apply - 10",12.944417201011674,2.6413307289767545,864990.9411818335,"0    864990.941182
dtype: float64",,,-0.7959482695929856,3.9007180581381844
"Size: 10^6, Func: harder3_func, Test: apply - 11",12.924447430996224,2.655027418019017,864990.9411818335,"0    864990.941182
dtype: float64",,,-0.7945732355526811,3.8679148634327403
"Size: 10^6, Func: harder3_func, Test: apply - 12",12.736367345001781,2.539642685005674,864990.9411818335,"0    864990.941182
dtype: float64",,,-0.8005991334725184,4.015023341747512
"Size: 10^6, Func: harder3_func, Test: apply - 13",12.644797374989139,2.592889893974643,864990.9411818335,"0    864990.941182
dtype: float64",,,-0.7949441325882163,3.8767197575080665
"Size: 10^6, Func: harder3_func, Test: apply - 14",12.991787912993459,2.630115788022522,864990.9411818335,"0    864990.941182
dtype: float64",,,-0.7975555169437405,3.9396258416293763
